Station Name,Zip
Times Sq 42nd st,10018
34 st Herald Sq,10001
23 st,10001
14th st Union Sq,10003
Fulton st,10038
86 st,10028
59 st Columbus sq,10023
42 st Port Authority,10036
34 st Penn Sta,10123
Grand Central 42 st,10017
Canal st,10013
125 st,10035
14 st,10011
96 st,10029
path new wtc,10007
flushing-main,11354
chamber st,10013
jksn ht-roosvlt,11372
47-50 sts rock,10020
50 st,10019
atl av-barclay,11217
w 4 st-wash sq,10012
jay st-metrotec,11201
72 st,10021